no;type;y;x1;x2;x3;class;id;y_non;y_cens
1;TTO;3.295612281;1.370958447;-2.000929238;1.334912585;1;1;2.038786169;3
2;TTO;-1.326513693;-0.564698171;0.333777197;-0.869271764;1;2;1.436956845;-1.326513693
3;TTO;-0.028964909;0.363128411;1.171325127;0.055486955;1;3;0.581972045;-0.028964909
4;TTO;-0.696107881;0.632862605;2.059539242;0.049066913;1;4;0.565852405;-0.696107881
5;TTO;2.331175926;0.404268323;-1.376861598;-0.578355728;1;5;2.473420861;2.331175926
6;TTO;-3.465576132;-0.106124516;-1.150855566;-0.998738656;1;6;-0.08285078;-3.465576132
7;TTO;1.046449432;1.511521997;-0.705821395;-0.00243278;1;7;2.634496923;1.046449432
8;TTO;0.903434526;-0.094659038;-1.054055782;0.655511883;1;8;0.381999111;0.903434526
9;TTO;2.597857123;2.018423714;-0.645743723;1.476842279;1;9;1.176230454;2.597857123
10;TTO;-3.060885502;-0.062714099;-0.185377968;-1.909152788;1;10;-2.265056097;-3.060885502
11;TTO;0.66706141;1.304869654;-1.201222051;-0.702439473;1;11;0.741325116;0.66706141
12;TTO;0.470750689;2.286645393;2.036972167;-0.311430218;1;12;-0.523340294;0.470750689
13;TTO;-0.798666273;-1.388860701;0.107774745;-1.663157031;1;13;1.513635005;-0.798666273
14;TTO;-0.191070926;-0.278788767;-0.084108101;-0.750533442;1;14;1.861503126;-0.191070926
15;TTO;0.278226309;-0.133321336;0.495619642;-0.777351759;1;15;0.495457845;0.278226309
16;TTO;-1.228807359;0.635950398;0.037415186;-0.7225697;1;16;-0.366877325;-1.228807359
17;TTO;-1.977973309;-0.284252921;-0.132088037;-2.188834599;1;17;-1.730524159;-1.977973309
18;TTO;-1.408791268;-2.656455421;1.476787424;0.21341855;1;18;1.24957627;-1.408791268
19;TTO;-1.3884455;-2.440466929;-0.21703021;-0.631922936;1;19;1.417863162;-1.3884455
20;TTO;1.567715825;1.320113346;-1.283602204;1.520491194;1;20;2.645353294;1.567715825
21;TTO;1.846917016;-0.306638594;0.38566789;0.795955949;1;21;0.353401012;1.846917016
22;TTO;-2.559791029;-1.781308434;-0.351512874;-1.453529565;1;22;1.62635496;-2.559791029
23;TTO;-1.465013487;-0.171917356;-0.521796093;0.098395421;1;23;0.179732569;-1.465013487
24;TTO;0.855250033;1.214674699;-1.068131201;-0.593770984;1;24;-0.165359312;0.855250033
25;TTO;2.194267342;1.895193461;0.428365903;0.888281169;1;25;1.388454965;2.194267342
26;TTO;0.823554308;-0.430469132;-0.174018234;0.053070415;1;26;0.299841988;0.823554308
27;TTO;-1.675214708;-0.257269383;0.515667729;-0.557023626;1;27;0.611864575;-1.675214708
28;TTO;-0.70884278;-1.763163085;-0.234365277;0.438397036;1;28;2.258302666;-0.70884278
29;TTO;-0.778750236;0.460097355;-0.658503426;0.152608159;1;29;-0.961450801;-0.778750236
30;TTO;0.018001257;-0.639994876;1.250236604;-0.164617582;1;30;1.788763931;0.018001257
31;TTO;2.272863406;0.455450123;-0.271763715;2.019890621;1;31;1.241665075;2.272863406
32;TTO;0.558286947;0.704837337;0.947951996;-0.529385886;1;32;-1.550165017;0.558286947
33;TTO;1.109671465;1.035103522;-1.20158243;-0.470786973;1;33;-0.153313819;1.109671465
34;TTO;-2.008925886;-0.608926375;-0.466116096;-1.545936924;1;34;-0.37561567;-2.008925886
35;TTO;0.480519672;0.504955123;-0.269351395;-0.040526723;1;35;-0.859659471;0.480519672
36;TTO;-1.937339092;-1.717008679;-0.390965408;0.890356305;1;36;-1.429506591;-1.937339092
37;TTO;-1.951005631;-0.784459008;1.348707012;-2.071387851;1;37;1.13889716;-1.951005631
38;TTO;0.350222671;-0.850907594;-0.022764701;-0.25006512;1;38;-0.173507994;0.350222671
39;TTO;-3.101429047;-2.41420765;0.244225851;-1.181650427;1;39;2.432358055;-3.101429047
40;TTO;-0.681701911;0.036122607;-0.942371708;1.441937265;1;40;-1.708724845;-0.681701911
41;TTO;-0.114746667;0.2059986;-0.729217277;1.357895539;1;41;0.824182117;-0.114746667
42;TTO;-1.325465252;-0.361057299;0.998068909;0.334502847;1;42;0.704560318;-1.325465252
43;TTO;2.385991478;0.758163236;1.258481665;1.42933808;1;43;0.791983217;2.385991478
44;TTO;-1.428383866;-0.726704827;1.248863689;-0.867317851;1;44;1.550971227;-1.428383866
45;TTO;-0.747222613;-1.368281044;-1.38063705;0.950651725;1;45;0.179887351;-0.747222613
46;TTO;-0.310889283;0.432818026;2.049960694;-0.585011509;1;46;1.568632634;-0.310889283
47;TTO;-2.637141768;-0.811393176;1.01687283;0.320957523;1;47;-0.770601825;-2.637141768
48;TTO;0.2435246;1.444101262;-0.026717464;-0.299396017;1;48;-0.874323222;0.2435246
49;TTO;0.463217026;-0.431446203;0.703607779;-0.278543083;1;49;0.525016674;0.463217026
50;TTO;0.7144584;0.655647883;-0.971385229;0.546115158;1;50;0.914366491;0.7144584
51;TTO;0.752190924;0.321925265;-1.096156242;-1.303821154;1;51;-1.17857462;0.752190924
52;TTO;1.187957694;-0.783838941;0.049050451;-0.250914465;1;52;0.277598543;1.187957694
53;TTO;0.116383188;1.57572752;-1.198495857;0.171007374;1;53;1.384287165;0.116383188
54;TTO;-1.210617655;0.642899306;0.190018999;-0.403467479;1;54;0.379325821;-1.210617655
55;TTO;-1.175159363;0.089760647;1.2977059;0.104659441;1;55;0.832259899;-1.175159363
56;TTO;0.722060894;0.276550747;-1.033873723;-0.318880787;1;56;0.880997369;0.722060894
57;TTO;2.69093071;0.679288816;-0.738440754;1.618343936;1;57;-1.511665574;2.69093071
58;TTO;1.811435117;0.089832887;0.046563939;0.714188601;1;58;1.747065809;1.811435117
59;TTO;2.480898636;-2.993090083;-1.01759612;2.96586537;1;59;-0.587721969;2.480898636
60;TTO;0.697096885;0.284882954;-0.38328396;-0.795077605;1;60;-0.697431452;0.697096885
61;TTO;1.14584981;-0.367234643;0.872755412;0.814365915;1;61;-1.323036671;1.14584981
62;TTO;1.64355112;0.185230565;0.969545014;2.09803081;1;62;0.553958749;1.64355112
63;TTO;-0.47159665;0.581823727;0.383846665;0.300980055;1;63;0.421545753;-0.47159665
64;TTO;-0.337285984;1.399736827;-1.851555663;-1.083075142;1;64;0.86896155;-0.337285984
65;TTO;-0.744908005;-0.727292059;-0.053996737;-1.006322502;1;65;0.345747166;-0.744908005
66;TTO;1.987044039;1.302542632;1.064773214;-0.035414565;1;66;-0.036802868;1.987044039
67;TTO;2.677244861;0.33584812;0.813195037;1.309124361;1;67;2.149023705;2.677244861
68;TTO;-0.74934832;1.038506099;-0.190816474;0.750400487;1;68;-1.390561132;-0.74934832
69;TTO;-1.274349451;0.920728568;-2.699929809;-2.138368328;1;69;-1.197434262;-1.274349451
70;TTO;1.200998319;0.720878163;0.060966639;-0.700354109;1;70;0.31643683;1.200998319
71;TTO;-1.765039874;-1.043118939;0.573751697;-0.009056475;1;71;0.805519441;-1.765039874
72;TTO;-2.838918529;-0.090186387;0.04580358;-1.458133487;1;72;0.629424499;-2.838918529
73;TTO;1.419970125;0.623518162;0.15741254;0.694529646;1;73;-0.046952998;1.419970125
74;TTO;-0.842334966;-0.953523358;0.431565373;-2.461335475;1;74;2.649026793;-0.842334966
75;TTO;1.896686887;-0.542828815;-0.396549736;0.143289764;1;75;-2.430375809;1.896686887
76;TTO;0.117347661;0.580996498;1.309978226;-0.391222119;1;76;-0.803262224;0.117347661
77;TTO;0.569705836;0.768178738;0.4703934;-0.491164086;1;77;-0.121292879;0.569705836
78;TTO;0.937860299;0.463767589;-1.242670271;-0.283647452;1;78;0.166218998;0.937860299
79;TTO;-0.623611874;-0.885776297;1.381575456;0.314794805;1;79;0.570280262;-0.623611874
80;TTO;-3.965905951;-1.099780899;1.204458937;0.396326578;1;80;0.8515005;-3.965905951
81;TTO;1.089351592;1.51270701;0.824073964;-0.225603711;1;81;-1.215323914;1.089351592
82;TTO;-1.303437657;0.257921438;-1.662629402;-1.92495043;1;82;-0.878083761;-1.303437657
83;TTO;0.073529803;0.088440229;-0.569306344;-1.439229298;1;83;0.286114602;0.073529803
84;TTO;-2.05380178;-0.120896538;0.635513817;-1.469657774;1;84;1.63674227;-2.05380178
85;TTO;-1.635367662;-1.194328895;0.043722008;0.761863447;1;85;-0.121090248;-1.635367662
86;TTO;1.251945424;0.611996898;0.348012304;-0.243614982;1;86;1.621547959;1.251945424
87;TTO;-0.449329255;-0.217139846;2.459593549;0.269676607;1;87;-0.372243084;-0.449329255
88;TTO;2.402297991;-0.182756706;-0.818380324;-1.558927521;1;88;-0.256211972;2.402297991
89;TTO;1.587754707;0.933346329;-2.113200115;-0.535588007;1;89;0.202261352;1.587754707
90;TTO;1.827246069;0.821773111;0.273695272;0.562451973;1;90;-0.219352657;1.827246069
91;TTO;1.523501279;1.392116376;-0.687596841;-0.178326123;1;91;1.215289032;1.523501279
92;TTO;-1.067395443;-0.476173923;0.446041053;-0.115135986;1;92;-1.222987742;-1.067395443
93;TTO;0.140810857;0.650348561;-0.812384724;-0.072061472;1;93;0.146548709;0.140810857
94;TTO;2.060492368;1.391110456;2.21205548;1.210909807;1;94;-0.487387705;2.060492368
95;TTO;0.044910361;-1.110788879;-0.123705972;-0.614896901;1;95;-0.004270124;0.044910361
96;TTO;0.836677686;-0.860792587;-0.477335506;0.676126458;1;96;1.119708869;0.836677686
97;TTO;-0.783678644;-1.131738681;-0.166261491;0.898599606;1;97;0.973267738;-0.783678644
98;TTO;-0.255208526;-1.459214;0.862563384;-1.189317904;1;98;3.259547219;-0.255208526
99;TTO;-1.259044835;0.079982553;0.097340485;0.12125885;1;99;-0.2623187;-1.259044835
100;TTO;0.372095494;0.65320434;-1.625616739;-0.011221686;1;100;0.291038611;0.372095494
101;TTO;3.750239987;1.200965376;-0.004620768;1.029140719;1;1;-0.694645193;3
102;TTO;1.550244969;1.044751087;0.760242168;0.914774868;1;2;-0.019066084;1.550244969
103;TTO;0.455466806;-1.003208647;0.038990913;-0.002456267;1;3;2.022631067;0.455466806
104;TTO;1.189500347;1.848481902;0.735072142;0.136009552;1;4;0.310448514;1.189500347
105;TTO;-1.861501149;-0.666773409;-0.146472627;-0.720153545;1;5;-0.903085776;-1.861501149
106;TTO;-0.68585927;0.105513812;-0.057887335;-0.19812433;1;6;0.03447957;-0.68585927
107;TTO;-1.013954403;-0.422255882;0.482369466;-1.029208806;1;7;1.614602565;-1.013954403
108;TTO;-4.061100072;-0.122350172;0.992943637;-0.966955896;1;8;-1.278251152;-4.061100072
109;TTO;-1.356549531;0.188193035;-1.246395498;-1.220813089;1;9;-0.666869108;-1.356549531
110;TTO;1.537177412;0.119160958;-0.033487525;0.836207704;1;10;0.518556867;1.537177412
111;TTO;0.60226383;-0.025092551;-0.070962181;1.114971798;1;11;1.985218315;0.60226383
112;TTO;-0.332254699;0.108072728;-0.758920654;-0.412944853;1;12;-0.693448474;-0.332254699
113;TTO;0.033927579;-0.485435236;-1.034359361;-1.128977398;1;13;1.441970033;0.033927579
114;TTO;-0.677589329;-0.504217131;-0.630731954;-0.087931332;1;14;-0.412616414;-0.677589329
115;TTO;1.415734334;-1.66109908;0.58680772;2.241903693;1;15;-2.000338905;1.415734334
116;TTO;0.144446012;-0.382333727;-0.416322656;2.041313171;1;16;-1.229888225;0.144446012
117;TTO;-2.624211689;-0.512650258;-0.78488781;-1.719800337;1;17;-0.187053136;-2.624211689
118;TTO;-0.657710236;2.701891;0.163416319;-0.356906656;1;18;1.36467778;-0.657710236
119;TTO;1.000979031;-1.362116231;-1.236714235;1.533280492;1;19;-0.492051295;1.000979031
120;TTO;-0.481854965;0.137256219;1.045873776;-0.038244097;1;20;1.042900019;-0.481854965
121;TTO;2.118368325;-1.493625067;-0.484595416;1.597413242;1;21;-0.129891245;2.118368325
122;TTO;-1.100606932;-1.470435741;0.189128812;-0.333585393;1;22;0.687781073;-1.100606932
123;TTO;1.884792511;0.124702386;0.051006332;0.604985924;1;23;-0.576849565;1.884792511
124;TTO;1.626370901;-0.996639135;-0.000240669;0.224241239;1;24;-1.137111605;1.626370901
125;TTO;1.548591443;-0.001822614;1.809382042;3.229069495;1;25;-3.363414163;1.548591443
126;TTO;1.158270075;-0.428258881;-0.825327957;0.920452567;1;26;0.230890306;1.158270075
127;TTO;-2.460601453;-0.613671606;1.145470452;-1.206539069;1;27;0.852786156;-2.460601453
128;TTO;-0.766925446;-2.024677845;0.031573188;-0.603881169;1;28;2.893083991;-0.766925446
129;TTO;-1.145384337;-1.22474795;-0.835205805;0.370235285;1;29;0.40549368;-1.145384337
130;TTO;-2.436887078;0.179516441;-0.068763649;-1.901000647;1;30;0.639248784;-2.436887078
131;TTO;-1.094955803;0.567620594;0.746771687;-1.804409945;1;31;-0.028340145;-1.094955803
132;TTO;-0.925429822;-0.492877354;-0.425518734;-1.121822606;1;32;-0.682448496;-0.925429822
133;TTO;0.215935604;6.29E-05;-0.772082235;-0.347929607;1;33;0.225167911;0.215935604
134;TTO;1.576072221;1.122889643;0.152764107;1.238902149;1;34;1.140314624;1.576072221
135;TTO;-0.324653053;1.439855743;0.988596845;-0.274197565;1;35;-0.605477089;-0.324653053
136;TTO;-0.526816976;-1.097113768;-0.073458335;0.162380716;1;36;0.191679242;-0.526816976
137;TTO;1.925921402;-0.11731956;-1.387026554;-0.06460691;1;37;1.961338921;1.925921402
138;TTO;0.410667171;1.201498401;-1.306675904;-0.705237097;1;38;-1.092971525;0.410667171
139;TTO;-0.233077777;-0.469729581;-0.768395325;1.362197269;1;39;1.468463062;-0.233077777
140;TTO;-1.589873016;-0.052469485;-0.527108125;-1.096513188;1;40;-0.346231268;-1.589873016
141;TTO;-1.321187217;-0.086107298;-0.021427065;-0.228433519;1;41;1.490580658;-1.321187217
142;TTO;-1.823341538;-0.887679018;0.670498071;-0.347828081;1;42;-0.377305395;-1.823341538
143;TTO;-0.927337915;-0.444684005;-0.434617039;0.53212862;1;43;-0.084895763;-0.927337915
144;TTO;-1.020619757;-0.029444879;-1.113879783;1.607234562;1;44;0.71726447;-1.020619757
145;TTO;0.691051147;-0.413868849;0.607105995;0.513814526;1;45;-0.192005335;0.691051147
146;TTO;2.239995959;1.113386023;0.275456969;1.382373161;1;46;1.446900203;2.239995959
147;TTO;-0.227823338;-0.480992842;1.157347069;0.763097049;1;47;-0.384299662;-0.227823338
148;TTO;-0.935305211;-0.433169033;-1.682480859;-0.624584545;1;48;1.00247843;-0.935305211
149;TTO;-0.42471103;0.696862577;0.087319089;0.0815438;1;49;0.303717436;-0.42471103
150;TTO;0.56540485;-1.056368413;1.353361894;1.376079111;1;50;0.157426975;0.56540485
151;TTO;-1.260050433;-0.040698475;0.724173801;-1.561265786;1;51;-0.883944808;-1.260050433
152;TTO;0.155453545;-1.551544822;-0.832552826;0.324770661;1;52;-0.38699311;0.155453545
153;TTO;0.243231919;1.167169549;0.732528487;-0.156790317;1;53;1.256195853;0.243231919
154;TTO;1.445966214;-0.273645701;-0.87192687;0.877783861;1;54;0.579323066;1.445966214
155;TTO;0.933363796;-0.467845325;-0.453397511;0.750166575;1;55;-0.171759892;0.933363796
156;TTO;-0.176231354;-1.238252328;1.187534279;0.301053404;1;56;0.260189805;-0.176231354
157;TTO;1.773372751;-0.007762034;-0.290145312;1.492811117;1;57;0.85389422;1.773372751
158;TTO;-0.207214232;-0.800282178;0.828546145;-1.5254938;1;58;0.827438459;-0.207214232
159;TTO;-0.505838418;-0.53349233;-0.291227709;0.910717558;1;59;-0.007886523;-0.505838418
160;TTO;1.361445409;1.287675246;-1.576362405;-1.579532028;1;60;-2.338100785;1.361445409
161;TTO;0.302846123;-0.17552587;-0.848815697;0.587716257;1;61;1.837826636;0.302846123
162;TTO;-0.202602141;-1.071782384;-1.088519862;0.089642296;1;62;0.863136591;-0.202602141
163;TTO;1.081781477;0.163206882;-0.484290571;0.967261657;1;63;1.02637297;1.081781477
164;TTO;-0.465640758;-0.362738416;-0.336311209;0.078812353;1;64;-1.895935675;-0.465640758
165;TTO;-3.467752678;0.590013548;-0.153357891;-1.568699836;1;65;-0.348194257;-3.467752678
166;TTO;-1.13000595;1.432421928;-0.243247229;-2.007823184;1;66;-1.111346232;-1.13000595
167;TTO;-0.589844897;-0.992692511;1.892202042;0.540973524;1;67;-1.308750118;-0.589844897
168;TTO;-1.15330469;0.454650298;-1.385998337;-0.073376598;1;68;0.835876542;-1.15330469
169;TTO;0.260021264;0.084898059;-0.414824301;-0.571018394;1;69;1.164974673;0.260021264
170;TTO;-0.503070128;0.895565582;0.349081528;-0.31106846;1;70;-0.48498049;-0.503070128
171;TTO;0.307188003;-0.229778139;1.628442266;-0.671415067;1;71;0.164253549;0.307188003
172;TTO;0.530748718;0.836619068;0.088521896;-0.157340452;1;72;1.826025119;0.530748718
173;TTO;-2.778100008;-1.745055861;1.239150708;-0.931305071;1;73;0.362893478;-2.778100008
174;TTO;-0.080579242;1.689458921;-1.644555536;-1.983009479;1;74;-0.248215834;-0.080579242
175;TTO;0.080385296;0.864777979;1.446356525;-0.219599804;1;75;-0.314411;0.080385296
176;TTO;1.88004812;-0.150775989;-0.690560172;1.045275869;1;76;-0.015048265;1.88004812
177;TTO;0.703417031;-1.44900713;-0.276431085;1.877329566;1;77;-1.10970855;0.703417031
178;TTO;-1.376960774;0.6430087;-1.10941876;0.002606196;1;78;1.308429563;-1.376960774
179;TTO;-1.162765634;0.483193864;0.133869316;-0.080669935;1;79;-1.09150113;-1.162765634
180;TTO;-0.625644364;-0.006355626;1.785339052;0.962982281;1;80;0.549253521;-0.625644364
181;TTO;-0.181798952;0.151455893;2.422163355;0.053571017;1;81;1.329274699;-0.181798952
182;TTO;-0.601760805;-0.58410897;-1.076828902;-0.434898409;1;82;-1.661484957;-0.601760805
183;TTO;-1.965585313;0.368806733;0.48594111;-1.737297255;1;83;-1.173459316;-1.965585313
184;TTO;-2.125076664;0.29465434;1.388521739;-1.2636956;1;84;0.82405984;-2.125076664
185;TTO;0.397809125;-0.279259373;-0.195656817;0.406308512;1;85;-0.971315417;0.397809125
186;TTO;-2.621821338;-1.336236655;-0.218174798;-1.459653968;1;86;0.414869163;-2.621821338
187;TTO;0.882652619;0.700748818;-0.304777955;1.04845737;1;87;0.08001869;0.882652619
188;TTO;-1.919373164;0.554196622;0.597832724;-1.346430539;1;88;-0.422687532;-1.919373164
189;TTO;-2.380492308;-0.836306593;1.397429411;-0.193570558;1;89;1.183526298;-2.380492308
190;TTO;-0.050264186;-1.594588162;0.687619761;-0.002335957;1;90;0.199018092;-0.050264186
191;TTO;-1.321336371;0.204958581;0.320188014;-0.012829734;1;91;0.089942702;-1.321336371
192;TTO;0.112603992;-0.345087978;-0.301869926;0.151947322;1;92;0.741674634;0.112603992
193;TTO;-0.112575697;0.252611703;0.498348686;0.598511131;1;93;-1.554417353;-0.112575697
194;TTO;-1.641560776;-1.294002465;-0.549536918;-0.126212437;1;94;-0.329005349;-1.641560776
195;TTO;-0.335323185;-0.959170444;-0.279256504;-0.248535566;1;95;1.128315204;-0.335323185
196;TTO;0.715329814;1.085774854;1.096513443;0.160327395;1;96;-0.232938484;0.715329814
197;TTO;0.987036742;0.403774905;0.442013088;-0.433641942;1;97;-2.54513139;0.987036742
198;TTO;1.776093812;0.586487537;0.241016294;1.537412419;1;98;-0.521280936;1.776093812
199;TTO;-0.890368061;1.815228446;-0.255607655;-2.170246577;1;99;0.000455006;-0.890368061
200;TTO;3.209173437;0.128821429;0.931032901;1.027004619;1;100;-0.616992658;3
201;DCE_A;1;-0.248482933;0.294692356;0.688807752;1;1;0;1
202;DCE_A;1;0.422320386;0.392741265;0.725083018;1;2;0;1
203;DCE_A;1;0.987653294;-1.000843713;0.217380211;1;3;1;1
204;DCE_A;1;0.835568172;-0.32572712;-0.201656732;1;4;1;1
205;DCE_A;0;-0.660521859;-1.008348805;-1.365689861;1;5;0;0
206;DCE_A;1;1.564069493;-0.635431482;-0.308937609;1;6;1;1
207;DCE_A;0;-1.622975935;-1.209840688;-0.452902887;1;7;1;0
208;DCE_A;1;0.863896373;-1.116463801;0.663229145;1;8;1;1
209;DCE_A;1;-0.511602773;0.629881163;1.308629537;1;9;0;1
210;DCE_A;0;-1.917365025;-0.27252157;0.50104031;1;10;1;0
211;DCE_A;0;-1.865813849;-0.258841168;-1.128288535;1;11;1;0
212;DCE_A;1;0.245179063;1.72955818;1.670997305;1;12;0;1
213;DCE_A;1;2.223534302;-0.058392165;1.010353032;1;13;1;1
214;DCE_A;1;0.273376064;-0.537063785;0.223521216;1;14;1;1
215;DCE_A;0;1.130784795;0.747286696;-2.206484593;1;15;0;0
216;DCE_A;0;0.838669374;-0.487257835;-0.954585619;1;16;1;0
217;DCE_A;0;-0.654615278;1.372907781;-0.068573067;1;17;1;0
218;DCE_A;1;0.953960978;-0.377672361;0.761305902;1;18;1;1
219;DCE_A;0;0.352951465;-0.616152614;-1.1799042;1;19;0;0
220;DCE_A;1;0.206599293;-1.168125051;3.211198957;1;20;1;1
221;DCE_A;0;1.001113234;0.328640359;-2.553824851;1;21;0;0
222;DCE_A;0;0.747451992;1.466510627;-0.235933949;1;22;0;0
223;DCE_A;0;-0.626574837;-0.356009545;-0.259562643;1;23;0;0
224;DCE_A;0;0.395223686;0.261467642;-0.663366917;1;24;1;0
225;DCE_A;0;-0.892167954;0.333328855;-0.318990711;1;25;0;0
226;DCE_A;1;0.63081841;1.42219324;0.742395158;1;26;0;1
227;DCE_A;0;-0.432705183;0.663876601;-0.874292676;1;27;1;0
228;DCE_A;0;0.452138644;-1.073655156;-2.082813766;1;28;0;0
229;DCE_A;1;0.367999045;-0.696901775;0.093767903;1;29;1;1
230;DCE_A;1;-0.27038749;-0.746130457;-0.001819812;1;30;1;1
231;DCE_A;1;0.465512618;0.141572872;-0.013100652;1;31;1;1
232;DCE_A;1;0.574356226;-0.003947221;0.667968075;1;32;0;1
233;DCE_A;1;-0.23069999;0.367937501;-0.013167703;1;33;1;1
234;DCE_A;1;1.172242508;-0.657342915;0.77604703;1;34;1;1
235;DCE_A;0;1.392702707;-0.37634667;-2.010735333;1;35;0;0
236;DCE_A;0;-0.661991256;0.74136006;-1.128180495;1;36;1;0
237;DCE_A;1;-0.777369207;-0.099606756;0.348799572;1;37;1;1
238;DCE_A;1;0.513538579;-0.654289879;-0.352898482;1;38;1;1
239;DCE_A;0;-0.913312238;0.971164374;0.944774598;1;39;0;0
240;DCE_A;0;-0.449423805;0.013496312;-1.004719853;1;40;1;0
241;DCE_A;1;0.802932699;-0.916534667;0.723902732;1;41;1;1
242;DCE_A;0;-0.573476851;1.709688561;-0.668832741;1;42;1;0
243;DCE_A;0;-1.928125168;-1.16810099;-1.113040194;1;43;1;0
244;DCE_A;1;0.664390834;-1.78103626;-0.342805189;1;44;0;1
245;DCE_A;1;-1.602540224;-2.253132449;0.049779323;1;45;1;1
246;DCE_A;0;-1.354600257;0.65112597;-1.227681962;1;46;1;0
247;DCE_A;0;-3.017932679;-0.532832626;-0.764005911;1;47;1;0
248;DCE_A;0;0.831237822;-0.275559357;-1.246182062;1;48;0;0
249;DCE_A;1;0.251097089;0.289626973;1.016773978;1;49;1;1
250;DCE_A;1;0.462293466;-0.466484062;0.723612624;1;50;1;1
251;DCE_A;1;0.844792223;-1.608060175;-1.032527137;1;51;0;1
252;DCE_A;1;-0.041971524;-1.949783796;0.557346004;1;52;1;1
253;DCE_A;0;-1.105575906;-0.340699918;-0.255581423;1;53;1;0
254;DCE_A;0;0.563775652;0.174725527;-1.113391757;1;54;0;0
255;DCE_A;1;1.303364756;-2.277777561;0.42119744;1;55;1;1
256;DCE_A;0;-1.500220938;0.290524481;-0.322950312;1;56;1;0
257;DCE_A;1;-0.606989235;0.422306357;0.880179901;1;57;0;1
258;DCE_A;0;-0.292245066;1.294737363;-0.194863607;1;58;1;0
259;DCE_A;1;-1.289683343;0.164714019;1.188054982;1;59;0;1
260;DCE_A;0;0.694105849;0.204953841;-0.509764512;1;60;0;0
261;DCE_A;0;-0.599181903;0.604603627;0.219548011;1;61;0;0
262;DCE_A;1;1.256906644;-0.019140769;0.370294421;1;62;1;1
263;DCE_A;1;0.053508014;-0.079714347;0.279108394;1;63;1;1
264;DCE_A;1;0.728092518;0.115984464;0.201942437;1;64;1;1
265;DCE_A;1;1.561098068;0.744173364;-0.012996542;1;65;1;1
266;DCE_A;1;0.265624754;-0.431290604;-0.090865006;1;66;1;1
267;DCE_A;1;1.076726259;-0.499528952;1.365031365;1;67;1;1
268;DCE_A;1;0.210697932;-0.865162077;0.908130569;1;68;1;1
269;DCE_A;0;-1.511673526;-0.957757283;-0.609888171;1;69;1;0
270;DCE_A;1;0.02240226;0.326799971;1.396437221;1;70;1;1
271;DCE_A;1;0.718136206;1.547372226;0.144798373;1;71;0;1
272;DCE_A;1;0.489457018;-0.968859569;-0.640606772;1;72;1;1
273;DCE_A;0;-0.173888346;-0.188440426;0.16980226;1;73;0;0
274;DCE_A;0;-1.217699489;-1.030001161;-0.157187487;1;74;1;0
275;DCE_A;1;0.646398369;0.908086442;0.100939595;1;75;1;1
276;DCE_A;0;-0.916456028;-0.317381865;-0.973394154;1;76;1;0
277;DCE_A;0;-1.251823442;0.179003967;-0.819825275;1;77;1;0
278;DCE_A;1;0.594927718;0.348028188;1.362918969;1;78;1;1
279;DCE_A;1;-1.232810665;-1.054279021;0.961370931;1;79;0;1
280;DCE_A;0;0.244364415;-0.104744288;-0.883724474;1;80;1;0
281;DCE_A;0;0.002772185;-0.228342617;-0.900092115;1;81;1;0
282;DCE_A;1;-1.328209686;0.675355562;1.723333133;1;82;0;1
283;DCE_A;1;1.179696412;-1.233244694;1.909042162;1;83;1;1
284;DCE_A;0;-0.592804999;-1.199961544;-0.777141196;1;84;0;0
285;DCE_A;0;1.199978316;0.765866577;-1.302305263;1;85;1;0
286;DCE_A;1;-0.47503368;-0.588097861;2.623495167;1;86;1;1
287;DCE_A;0;-0.575057096;-0.66029583;0.229628914;1;87;1;0
288;DCE_A;0;-0.031226025;0.113013522;0.186749892;1;88;0;0
289;DCE_A;0;-0.358056996;-0.3203988;0.076136635;1;89;0;0
290;DCE_A;1;-0.356601078;1.866381497;1.404860186;1;90;0;1
291;DCE_A;0;-0.877664383;0.259531456;-0.191722235;1;91;1;0
292;DCE_A;1;-1.212897125;0.161560071;1.459392164;1;92;0;1
293;DCE_A;0;0.613286619;0.931074909;-0.220655451;1;93;1;0
294;DCE_A;1;-0.806203341;-0.059946749;0.505145886;1;94;0;1
295;DCE_A;0;-1.37645693;0.0487397;-1.033497006;1;95;1;0
296;DCE_A;0;-0.507847899;-1.072875401;0.170473471;1;96;0;0
297;DCE_A;1;-0.800935487;-2.29297143;1.200668161;1;97;0;1
298;DCE_A;0;-2.192785686;-1.20720685;-0.163405915;1;98;1;0
299;DCE_A;1;-0.290937149;0.11410943;1.282475863;1;99;0;1
300;DCE_A;1;0.167174121;-1.033297079;2.727196388;1;100;1;1
301;TTO;-3.046812019;0.124753988;-1.360321338;-0.003866239;2;101;-0.084387911;-3.046812019
302;TTO;2.261697722;0.382074587;0.593180321;-1.79724596;2;102;2.406812565;2.261697722
303;TTO;-2.240967418;0.579242767;-1.289077336;-0.076365148;2;103;-0.979642975;-2.240967418
304;TTO;-4.893638584;-0.293748124;-1.434401055;-1.079020721;2;104;0.459669722;-4.893638584
305;TTO;-3.233378781;-0.828349157;-0.657179509;-0.823552793;2;105;2.198028831;-3.233378781
306;TTO;3.72498068;-0.332713585;1.689397114;-0.681043484;2;106;-1.817705754;3
307;TTO;1.737943689;-0.1921595;1.011035615;0.854280021;2;107;-1.052232225;1.737943689
308;TTO;3.837826069;1.362982728;0.544847891;0.380245237;2;108;5.973135108;3
309;TTO;-0.660902522;0.855954414;-0.729426057;1.090255134;2;109;0.593784777;-0.660902522
310;TTO;-0.183231094;0.215995485;-0.00124731;-1.947817151;2;110;-0.099370355;-0.183231094
311;TTO;-0.104233283;-0.377702101;0.321919496;-0.86982188;2;111;0.152784328;-0.104233283
312;TTO;0.590568852;0.038693544;0.047270363;0.63231424;2;112;1.007527727;0.590568852
313;TTO;0.176269691;1.424815068;-0.506133366;1.515921857;2;113;1.814187313;0.176269691
314;TTO;0.248239674;0.982309904;-0.525648981;0.693167198;2;114;1.530700349;0.248239674
315;TTO;-2.055569429;0.310464465;-0.915764906;-0.034593833;2;115;-0.708092884;-2.055569429
316;TTO;-0.367414938;-1.667528332;0.933144302;-0.465135897;2;116;0.997982652;-0.367414938
317;TTO;-4.706553752;-2.704849694;-0.359060861;0.853522318;2;117;17.40483634;-4.706553752
318;TTO;-4.369093919;-1.736924227;-0.81159636;0.154936355;2;118;10.08026237;-4.369093919
319;TTO;-3.693890583;0.40307517;-1.539689094;-0.328420108;2;119;-1.434630207;-3.693890583
320;TTO;-0.79715824;-0.732072719;0.050853266;-1.300359812;2;120;0.146978488;-0.79715824
321;TTO;-1.863429461;-0.278360963;-0.426857519;0.121616065;2;121;0.409809304;-1.863429461
322;TTO;1.106283765;1.284230687;-0.414117191;2.049838788;2;122;1.03243541;1.106283765
323;TTO;-0.011381415;0.824029301;-0.430491751;0.527825139;2;123;0.480390055;-0.011381415
324;TTO;1.088050136;-2.384435565;2.031153785;0.654231874;2;124;-4.618048286;1.088050136
325;TTO;0.533832612;0.739002256;-0.23962824;-0.840450483;2;125;0.74720988;0.533832612
326;TTO;2.432773189;-0.459047375;1.484170993;-1.17113469;2;126;-0.67232538;2.432773189
327;TTO;1.246246623;0.082864984;0.921959191;0.420996082;2;127;0.245287543;1.246246623
328;TTO;-0.347242821;0.024023638;-0.033208731;0.872967996;2;128;0.315419221;-0.347242821
329;TTO;0.170907731;-2.103969086;1.297527241;-1.709714593;2;129;-0.256994047;0.170907731
330;TTO;1.605454835;0.463068683;0.504106833;-0.395295854;2;130;0.317420928;1.605454835
331;TTO;0.301977926;0.357067809;-0.326820162;-2.205775456;2;131;0.705496809;0.301977926
332;TTO;-3.714287926;-0.521403344;-0.998447801;0.819485461;2;132;3.264550168;-3.714287926
333;TTO;4.856909469;0.655395524;1.762736823;0.756892605;2;133;3.820739015;3
334;TTO;2.468725582;-0.220998661;0.925402815;0.539812827;2;134;-1.142352529;2.468725582
335;TTO;-1.740127408;0.309907834;-1.101004465;-1.063159831;2;135;-1.276671049;-1.740127408
336;TTO;5.065967219;0.129715097;2.123312901;-0.070282417;2;136;1.616257365;3
337;TTO;3.682421762;-0.463527136;1.385026678;1.002454387;2;137;-2.300675759;3
338;TTO;0.849630338;0.050027509;0.491977712;1.06263589;2;138;-0.696564251;0.849630338
339;TTO;-2.861179309;-0.215278349;-1.192777452;0.342035319;2;139;1.103132421;-2.861179309
340;TTO;2.088519304;0.898916289;0.274589117;0.226942183;2;140;2.565800582;2.088519304
341;TTO;1.461570686;0.293371283;0.265349052;-1.036543803;2;141;0.86616141;1.461570686
342;TTO;-3.642715929;-0.955939017;-0.843602704;1.760119532;2;142;6.350854231;-3.642715929
343;TTO;1.684474386;-1.213014704;1.235260215;0.696191673;2;143;-2.025426469;1.684474386
344;TTO;2.987593868;1.631144267;0.312635886;0.511472042;2;144;6.517055868;2.987593868
345;TTO;-4.311496094;-1.950795384;-0.493244544;0.622847846;2;145;10.67471283;-4.311496094
346;TTO;-4.85757041;0.437199589;-2.248274914;-0.522691949;2;146;-2.823218233;-4.85757041
347;TTO;-4.168101428;-0.19215419;-1.708775423;-0.465752793;2;147;0.370822568;-4.168101428
348;TTO;3.289416874;1.09688902;0.207333108;0.041473852;2;148;2.890422129;3
349;TTO;6.438929366;-0.979469054;3.257936148;0.405291379;2;149;-9.411873715;3
350;TTO;-2.638730252;-0.820184811;-0.410981226;-0.04683287;2;150;2.59975436;-2.638730252
351;TTO;-6.082430941;0.606268175;-2.721829281;0.189079995;2;151;-3.401288698;-6.082430941
352;TTO;1.386718478;0.193939031;0.637066341;1.885874541;2;152;-1.272760987;1.386718478
353;TTO;0.739672246;1.348016964;-0.621578007;-0.159174465;2;153;1.161454848;0.739672246
354;TTO;-1.35835175;1.477463183;-1.123701584;-0.937647041;2;154;-0.532635642;-1.35835175
355;TTO;3.678160225;0.130063574;1.531156927;0.684681253;2;155;0.144542347;3
356;TTO;1.946613124;1.156080519;0.527717589;-0.96673562;2;156;5.038707031;1.946613124
357;TTO;-4.863978351;-1.665472951;-1.249255657;0.54070139;2;157;13.34298624;-4.863978351
358;TTO;-4.562424173;-0.995771054;-1.11027849;0.439279046;2;158;5.113871264;-4.562424173
359;TTO;0.871642947;1.524248541;-0.556337614;-0.33289083;2;159;1.815616843;0.871642947
360;TTO;-1.965669404;-0.641269771;-0.323878813;-1.021175473;2;160;0.953298306;-1.965669404
361;TTO;-4.569021842;0.17454722;-1.988667986;-0.890860288;2;161;-1.644079223;-4.569021842
362;TTO;-4.590258338;-0.355858748;-1.633836263;1.251199282;2;162;2.667169937;-4.590258338
363;TTO;-0.256541165;-1.686689789;0.527974762;-1.667372883;2;163;1.5988441;-0.256541165
364;TTO;1.552437229;1.879046552;-0.622953346;0.11945274;2;164;3.56018207;1.552437229
365;TTO;-2.857417668;-1.443868669;-0.309924219;1.574432968;2;165;6.702204125;-2.857417668
366;TTO;-1.473766539;1.121196462;-1.451176432;1.544158367;2;166;-1.742137997;-1.473766539
367;TTO;2.331600498;-0.051828646;0.769520766;-0.148244356;2;167;-0.687357623;2.331600498
368;TTO;2.596619082;1.027796211;0.164486266;-1.408531901;2;168;3.071166416;2.596619082
369;TTO;-2.833419259;0.395945757;-1.468346206;0.517142922;2;169;-1.344900296;-2.833419259
370;TTO;1.796725909;-0.57351319;1.399844382;1.059072217;2;170;-2.659112794;1.796725909
371;TTO;-1.14323447;-0.911357006;0.345505129;-1.866526092;2;171;-0.261379648;-1.14323447
372;TTO;-5.60485682;-1.076926496;-1.864370727;-1.02553572;2;172;8.307245366;-5.60485682
373;TTO;3.30942486;1.133194355;0.666867407;-0.056742997;2;173;5.175217345;3
374;TTO;-2.292950504;-2.020808146;0.264667911;0.883750809;2;174;6.689940002;-2.292950504
375;TTO;0.282977093;-0.120066357;-0.056304724;0.208826068;2;175;-0.076215671;0.282977093
376;TTO;9.895961204;0.7872457;3.814732422;0.290231912;2;176;9.753361357;3
377;TTO;-2.72479899;0.159685116;-1.54118689;-0.581582737;2;177;-0.790219087;-2.72479899
378;TTO;-2.607667701;-0.713167941;-0.281232024;-0.66056351;2;178;1.31183173;-2.607667701
379;TTO;-3.425645734;1.080727764;-1.815353642;-1.074206199;2;179;-4.047895554;-3.425645734
380;TTO;3.19739675;1.68534888;0.08343226;-0.476985024;2;180;5.89556113;3
381;TTO;-1.891128449;-0.917720175;-0.017131539;0.654180999;2;181;1.791366982;-1.891128449
382;TTO;-3.183487764;-0.061426131;-1.392233799;-0.686161883;2;182;-0.473478475;-3.183487764
383;TTO;-1.24433057;-1.077629501;-0.05370074;-0.540288313;2;183;2.91382868;-1.24433057
384;TTO;-5.265379195;-1.607924209;-0.949433221;-0.920643111;2;184;8.581406429;-5.265379195
385;TTO;0.291412191;0.787731463;-0.236741324;-1.407286424;2;185;0.812567125;0.291412191
386;TTO;-1.150243545;-1.176839264;0.462917266;2.368729526;2;186;1.391077048;-1.150243545
387;TTO;-0.747218496;-0.657437774;0.301468266;0.420660914;2;187;0.13562459;-0.747218496
388;TTO;3.806375857;0.357561279;1.359813719;-0.133533745;2;188;2.107225942;3
389;TTO;-0.792892026;-0.081084641;-0.408969445;0.530656839;2;189;0.127308967;-0.792892026
390;TTO;-5.951794767;-2.00570145;-0.772288047;-0.181471269;2;190;13.37627832;-5.951794767
391;TTO;3.274968153;-1.541303026;1.773441283;-0.248432083;2;191;-4.604507509;3
392;TTO;-1.644200567;-0.40583883;-0.878636852;-2.025160641;2;192;0.610111683;-1.644200567
393;TTO;-4.432369453;-1.527774903;-0.889384977;1.030452037;2;193;9.673888718;-4.432369453
394;TTO;1.690617435;0.914054201;-0.107561601;-0.792821973;2;194;1.635592551;1.690617435
395;TTO;1.072063322;0.078322555;0.515476625;0.11820799;2;195;-0.955581003;1.072063322
396;TTO;1.139768165;0.210286598;0.41764286;-0.363159653;2;196;0.233367033;1.139768165
397;TTO;-3.320530974;-0.410679169;-1.195631602;-0.878698488;2;197;1.734000657;-3.320530974
398;TTO;0.928519401;0.071916338;0.756357609;0.377262845;2;198;0.595042973;0.928519401
399;TTO;0.574059434;-0.477829448;0.225861549;-0.364678933;2;199;0.433676418;0.574059434
400;TTO;5.186792952;2.399725903;0.84066833;0.134416738;2;200;17.03527854;3
401;TTO;1.525822162;1.557917309;-0.395889877;-0.072068959;2;101;2.846641053;1.525822162
402;TTO;1.562278026;1.599536609;-0.598871635;-1.45744559;2;102;2.142581679;1.562278026
403;TTO;-0.672798678;-0.279085965;0.07958945;1.512101721;2;103;0.251131877;-0.672798678
404;TTO;0.491607466;1.246715755;-0.361084676;1.447983837;2;104;1.431579666;0.491607466
405;TTO;3.981142818;2.748582279;-0.343053569;-0.319941264;2;105;11.64787667;3
406;TTO;-1.645254817;-0.595412889;-0.758073115;-1.565220809;2;106;1.866499631;-1.645254817
407;TTO;-0.501101759;0.79942253;-0.42972095;0.353850834;2;107;0.090799957;-0.501101759
408;TTO;2.537359737;1.201662494;-0.039699067;-0.931039027;2;108;3.342341235;2.537359737
409;TTO;1.636496642;-0.189742251;0.908244348;-0.489351171;2;109;-0.469047526;1.636496642
410;TTO;-2.337589769;1.783228398;-1.608466883;0.757920187;2;110;-3.195674943;-2.337589769
411;TTO;-1.903875563;-0.17972831;-0.454792676;-0.07666901;2;111;0.687543754;-1.903875563
412;TTO;3.440486416;0.792882282;0.824892385;-0.14034766;2;112;3.958658713;3
413;TTO;1.997765381;-0.271678353;1.00173204;-0.108778301;2;113;-1.039195027;1.997765381
414;TTO;3.239126293;0.187589191;1.448377343;1.156339372;2;114;0.405774087;3
415;TTO;4.427239274;0.245816917;1.623011773;-0.156014024;2;115;1.801820347;3
416;TTO;-1.477769309;-0.800353797;-0.268658344;-0.072268471;2;116;1.936386234;-1.477769309
417;TTO;6.181168665;1.163657693;1.672712382;0.852612184;2;117;7.505158163;3
418;TTO;0.101868409;-1.587010612;0.781342256;-1.061777678;2;118;0.362300458;0.101868409
419;TTO;5.122976704;0.03381973;1.895082133;0.379459953;2;119;-0.24885291;3
420;TTO;-1.157972511;-0.679471637;0.688427087;2.115155303;2;120;-0.719849955;-1.157972511
421;TTO;5.9465016;0.730534135;1.98514026;-1.739901702;2;121;6.737991755;3
422;TTO;3.06988258;0.336857456;1.229326755;1.027210343;2;122;0.843308493;3
423;TTO;-3.964699375;-0.537678939;-1.138802996;-1.222223263;2;123;1.064726384;-3.964699375
424;TTO;5.208636959;1.117086006;1.229303546;0.957818008;2;124;6.79897955;3
425;TTO;0.269268117;0.13298637;0.155052368;0.613001099;2;125;0.071670606;0.269268117
426;TTO;6.067485013;0.911623304;1.556037865;-2.130631983;2;126;8.329871531;3
427;TTO;3.177321853;1.915909217;0.960480443;0.351196315;2;127;12.73621808;3
428;TTO;1.497360113;0.683214669;0.375965374;0.834025073;2;128;1.728239345;1.497360113
429;TTO;-2.022325897;-0.008500698;-1.063948601;0.510693444;2;129;-0.765945162;-2.022325897
430;TTO;1.830926773;-0.412478686;1.179879181;0.565568627;2;130;-0.805258677;1.830926773
431;TTO;1.2304669;-0.112477882;0.695033807;-1.331509366;2;131;-0.295217904;1.2304669
432;TTO;2.253296739;-0.246698676;1.096982057;1.453242222;2;132;-1.783496154;2.253296739
433;TTO;1.704860823;1.733911479;-0.225353544;0.470669595;2;133;4.656513275;1.704860823
434;TTO;1.143600257;-0.139647857;0.529322366;-0.115366036;2;134;-0.312612392;1.143600257
435;TTO;-2.903453052;-0.025870369;-0.739704953;1.174663122;2;135;1.142179229;-2.903453052
436;TTO;2.092898399;0.170379622;0.725905612;-0.315400519;2;136;-0.179193643;2.092898399
437;TTO;-1.286478632;-0.800618364;-0.014363253;-0.844555516;2;137;1.192734488;-1.286478632
438;TTO;-3.791494728;-1.227480445;-0.951534762;-0.314230595;2;138;5.389768165;-3.791494728
439;TTO;-1.745273726;-1.691114945;0.123189551;0.312291783;2;139;4.570258464;-1.745273726
440;TTO;4.739246319;1.106817059;0.896948146;0.401342415;2;140;5.651880102;3
441;TTO;-2.679585529;0.432437214;-0.836818228;0.835509178;2;141;-0.231952599;-2.679585529
442;TTO;-6.594976352;-0.942005753;-1.798223778;0.085130463;2;142;8.052643837;-6.594976352
443;TTO;2.616199795;0.043216248;1.317798452;1.695947263;2;143;-0.407919762;2.616199795
444;TTO;-5.043031102;-0.589522883;-1.296127708;0.959820573;2;144;4.457970992;-5.043031102
445;TTO;-2.068846062;0.771095545;-1.358022036;-0.808994049;2;145;-2.551820587;-2.068846062
446;TTO;2.367329629;1.343322113;0.390602966;0.56491283;2;146;3.982346216;2.367329629
447;TTO;-8.008906252;-2.102845034;-1.708257358;0.001433858;2;147;20.39356095;-8.008906252
448;TTO;-0.895559713;-0.062372685;-0.453009501;-0.689588871;2;148;-0.258638353;-0.895559713
449;TTO;4.20065114;0.389071743;1.306940104;-0.521303324;2;149;1.550485409;3
450;TTO;-4.232852362;0.357215907;-1.658440028;0.980132067;2;150;-2.158014032;-4.232852362
451;TTO;-2.535087973;-1.622956356;-0.318722185;0.920714156;2;151;7.313160186;-2.535087973
452;TTO;1.281867362;1.277895347;-0.101597185;0.57669101;2;152;2.507910124;1.281867362
453;TTO;-2.879643292;-0.199945651;-1.031914256;-0.644730937;2;153;0.840973812;-2.879643292
454;TTO;-0.347420589;0.594977556;-1.189112602;0.17466642;2;154;-1.126719996;-0.347420589
455;TTO;0.5591518;1.914561984;-0.93240132;0.140525687;2;155;2.001091298;0.5591518
456;TTO;5.736979185;2.022809736;1.207974282;0.995035623;2;156;14.44771241;3
457;TTO;0.852969903;-0.200331772;0.359368061;-1.303876265;2;157;0.344887651;0.852969903
458;TTO;0.522077901;0.397955371;-0.31843393;-1.037674754;2;158;0.012093957;0.522077901
459;TTO;2.069798314;-0.368422428;1.100751729;-0.884006456;2;159;-1.068507341;2.069798314
460;TTO;-3.817311885;0.674039495;-1.688606786;1.129753783;2;160;-2.02107142;-3.817311885
461;TTO;-1.985922155;-0.736753167;-0.416816258;-0.901956015;2;161;1.253050447;-1.985922155
462;TTO;-4.294067994;-1.85014856;-0.801207383;-0.415729991;2;162;11.43777466;-4.294067994
463;TTO;1.446106985;0.689838021;-0.01561985;0.081030324;2;163;0.79072982;1.446106985
464;TTO;3.979749412;1.680346268;0.633660362;-0.356456274;2;164;8.817063549;3
465;TTO;-0.921844852;-0.695303143;-0.229278628;-0.539900589;2;165;0.647646381;-0.921844852
466;TTO;-2.46340079;-0.87585607;-0.54414841;1.603829867;2;166;3.855964234;-2.46340079
467;TTO;7.869327514;0.470888924;2.970903612;-0.411121742;2;167;5.699672511;3
468;TTO;0.697282467;-0.768374261;0.847619976;0.166797186;2;168;-1.519094387;0.697282467
469;TTO;-1.747984052;-1.265495334;-0.050353192;0.860368101;2;169;2.982354558;-1.747984052
470;TTO;0.058081053;-1.384407339;0.930384818;-1.154925563;2;170;0.272055478;0.058081053
471;TTO;5.74264176;2.19337787;1.591385991;1.230955976;2;171;18.84943761;3
472;TTO;-1.237462958;-1.233085664;0.405820681;0.532570431;2;172;0.637280917;-1.237462958
473;TTO;-1.60212507;0.339732945;-0.914019423;0.434244897;2;173;-0.811541421;-1.60212507
474;TTO;0.870166506;1.224247816;-0.472870544;-0.159137997;2;174;0.908453494;0.870166506
475;TTO;1.156517661;0.729281404;-0.326886396;0.156848733;2;175;1.147698488;1.156517661
476;TTO;-2.67316054;-1.013017958;-0.438985716;1.183743742;2;176;3.1512715;-2.67316054
477;TTO;1.655241927;-1.081154235;1.40992429;-0.375497685;2;177;-2.426661194;1.655241927
478;TTO;-3.583684456;-1.455791374;-0.323960649;1.574911608;2;178;6.97342183;-3.583684456
479;TTO;-1.538132417;-1.167449447;0.168271438;2.655075774;2;179;2.93002082;-1.538132417
480;TTO;1.323409513;-1.899897593;1.734386568;-1.403521955;2;180;-3.724643397;1.323409513
481;TTO;2.244449178;0.658844014;0.554380584;-0.4306088;2;181;3.41271717;2.244449178
482;TTO;-0.364435736;0.526274156;-0.545499421;0.722839887;2;182;-0.61922345;-0.364435736
483;TTO;3.27730507;0.3408253;0.970319956;-0.269764427;2;183;1.55997448;3
484;TTO;-3.096437205;-0.232870718;-1.483446104;-1.274555057;2;184;0.164492173;-3.096437205
485;TTO;3.264296566;-0.044460921;1.253322068;-2.079936086;2;185;0.238326286;3
486;TTO;-1.601894762;0.31545007;-0.895630848;-0.287654481;2;186;-0.528468964;-1.601894762
487;TTO;0.970367552;0.380986627;0.178683481;-0.453250619;2;187;0.998482004;0.970367552
488;TTO;-0.184202581;-0.543634146;0.478193587;-0.365850566;2;188;-0.165180063;-0.184202581
489;TTO;-2.415064639;0.236416795;-1.175417809;0.257728871;2;189;-0.032961876;-2.415064639
490;TTO;0.597810706;0.112989761;0.312299119;-0.540972906;2;190;-0.241358526;0.597810706
491;TTO;-3.735289988;-0.022708863;-1.325822221;0.526814001;2;191;0.587044596;-3.735289988
492;TTO;-2.38579213;-1.218392908;-0.695838003;-2.596842843;2;192;3.646189418;-2.38579213
493;TTO;2.46962672;1.426144473;-0.238436811;0.813805567;2;193;1.903171416;2.46962672
494;TTO;-5.75672432;-0.718613084;-1.961284674;1.861769501;2;194;6.867841339;-5.75672432
495;TTO;0.651805349;-0.293445266;0.553644543;-0.493098508;2;195;-1.35538242;0.651805349
496;TTO;0.822594179;0.909932998;-0.292672199;-0.958465421;2;196;1.619928155;0.822594179
497;TTO;0.151976023;-0.019714528;-0.098429852;-0.940361299;2;197;0.643202256;0.151976023
498;TTO;3.037207851;-0.239756935;1.174654616;1.222850055;2;198;-1.513108391;3
499;TTO;-0.412113579;0.424697214;-0.565319854;-1.182029485;2;199;-0.143142344;-0.412113579
500;TTO;-0.774727904;-0.216497217;-0.145166114;-0.524425654;2;200;0.321202211;-0.774727904
501;DCE_A;1;0.190189044;0.103733335;0.093900563;2;101;1;1
502;DCE_A;0;-1.354353017;0.110010759;0.297508385;2;102;1;0
503;DCE_A;1;0.569665927;1.300602431;0.65680003;2;103;1;1
504;DCE_A;0;1.742190421;-1.247796422;-0.05914827;2;104;0;0
505;DCE_A;1;-0.318371341;0.314980534;0.622820181;2;105;1;1
506;DCE_A;0;0.376491679;-0.504077464;1.26314025;2;106;0;0
507;DCE_A;0;-0.914056422;-0.333610304;-0.97752826;2;107;1;0
508;DCE_A;1;0.022870708;0.279811535;-0.55089797;2;108;1;1
509;DCE_A;1;-0.329979032;1.618017177;-0.594338766;2;109;0;1
510;DCE_A;0;-0.337991015;0.062305578;-0.345159521;2;110;1;0
511;DCE_A;1;0.117761489;-0.184441819;0.093595609;2;111;1;1
512;DCE_A;0;1.570737014;-1.640394037;0.444542598;2;112;0;0
513;DCE_A;1;0.223559029;-0.074056179;-0.179013675;2;113;1;1
514;DCE_A;1;0.873792041;-0.790607829;0.022337505;2;114;0;1
515;DCE_A;1;0.74329559;-0.125052645;-0.992795344;2;115;1;1
516;DCE_A;1;0.504335121;1.301421307;1.506889583;2;116;1;1
517;DCE_A;1;0.588748233;0.325568448;-1.239346873;2;117;1;1
518;DCE_A;1;-0.208299448;0.949358022;0.143735703;2;118;0;1
519;DCE_A;0;1.553526749;-1.184021305;-0.981761403;2;119;0;0
520;DCE_A;0;2.204676891;-1.793592801;0.157421863;2;120;0;0
521;DCE_A;0;-1.555785452;-1.340666736;-1.210038834;2;121;1;0
522;DCE_A;1;0.548572954;-0.007280345;1.269316979;2;122;1;1
523;DCE_A;1;-2.153344853;2.154357144;0.800280062;2;123;0;1
524;DCE_A;1;1.114087299;0.838936642;0.247476602;2;124;1;1
525;DCE_A;1;0.124405055;1.252737724;-0.954145759;2;125;1;1
526;DCE_A;1;-0.327348701;0.12275163;0.185226317;2;126;0;1
527;DCE_A;0;-1.780100106;-1.764150437;1.679599116;2;127;1;0
528;DCE_A;0;-2.046314368;-1.011088843;-0.608320519;2;128;1;0
529;DCE_A;0;-0.344247221;-0.372479027;-0.486834845;2;129;1;0
530;DCE_A;0;-0.714505874;-0.406795034;1.420617713;2;130;1;0
531;DCE_A;1;-0.058492181;1.064620562;0.049036276;2;131;0;1
532;DCE_A;1;-0.728226292;1.569691546;0.312412679;2;132;0;1
533;DCE_A;1;0.857701455;0.192459134;-0.266444961;2;133;1;1
534;DCE_A;1;1.873394306;-1.159005261;2.117688778;2;134;0;1
535;DCE_A;1;2.003407314;-0.704936329;0.254941107;2;135;1;1
536;DCE_A;0;-0.26384244;-0.44966422;-0.971058531;2;136;0;0
537;DCE_A;0;0.20824822;-0.775656212;0.482287495;2;137;0;0
538;DCE_A;1;-0.572897011;1.30349305;0.768094061;2;138;0;1
539;DCE_A;1;0.454684748;1.202605563;0.026788593;2;139;1;1
540;DCE_A;1;1.311517352;0.081116621;1.933887453;2;140;1;1
541;DCE_A;1;-0.067511628;1.306040094;1.669938042;2;141;0;1
542;DCE_A;1;-0.19325575;-0.077400419;0.114258039;2;142;0;1
543;DCE_A;0;-0.613203789;-0.386932183;-0.645088709;2;143;1;0
544;DCE_A;0;-0.694653395;-0.18230935;1.5849427;2;144;1;0
545;DCE_A;1;-0.433731965;0.954027483;-0.247463855;2;145;0;1
546;DCE_A;0;-0.109285423;-0.746780529;0.555897549;2;146;1;0
547;DCE_A;1;0.761141604;0.306531213;0.41456738;2;147;1;1
548;DCE_A;0;-0.68158751;-0.018503231;0.012971391;2;148;1;0
549;DCE_A;0;-0.280114016;1.031105785;1.013171483;2;149;0;0
550;DCE_A;0;1.008963688;-0.93118451;0.894587871;2;150;0;0
551;DCE_A;0;-0.356854809;-1.161188866;-0.411200696;2;151;1;0
552;DCE_A;1;0.054397125;0.919274412;-0.580342378;2;152;1;1
553;DCE_A;0;-1.751604643;-2.445349385;-0.395712919;2;153;1;0
554;DCE_A;0;0.259891728;-2.037970208;0.619972861;2;154;0;0
555;DCE_A;0;-0.095893621;-0.620065429;-1.048766485;2;155;0;0
556;DCE_A;1;-0.097854602;0.35232677;0.377533084;2;156;1;1
557;DCE_A;1;1.316416706;-1.023992097;0.592599062;2;157;0;1
558;DCE_A;1;1.230679698;-0.226726533;2.229894191;2;158;1;1
559;DCE_A;0;0.385171909;-0.465510844;-0.572695657;2;159;1;0
560;DCE_A;1;0.801021748;-0.134204468;0.630601264;2;160;0;1
561;DCE_A;1;0.734092078;-0.805183711;-0.446932551;2;161;0;1
562;DCE_A;1;0.720449456;0.982055367;0.848886445;2;162;1;1
563;DCE_A;0;0.200139138;-0.676886468;-1.125601796;2;163;0;0
564;DCE_A;0;-0.136993943;-0.930136156;-0.460449858;2;164;0;0
565;DCE_A;0;-0.09536832;0.308961803;0.757499159;2;165;0;0
566;DCE_A;1;-0.091630127;0.452209616;-0.838628039;2;166;1;1
567;DCE_A;1;-1.400831611;1.024021446;0.088307275;2;167;0;1
568;DCE_A;0;0.580021919;-0.927935354;0.013664971;2;168;0;0
569;DCE_A;0;1.462440237;-0.826297018;0.66269319;2;169;1;0
570;DCE_A;1;-1.85317596;0.619350526;-0.551580297;2;170;1;1
571;DCE_A;0;0.034554794;-0.211340781;-1.238296748;2;171;0;0
572;DCE_A;1;1.317255349;0.428492722;-0.115763598;2;172;1;1
573;DCE_A;0;-1.736600314;-1.120395006;-0.899468887;2;173;1;0
574;DCE_A;0;-0.785715202;-0.060093798;-0.843000077;2;174;1;0
575;DCE_A;0;0.962187055;-0.625507824;-0.31705332;2;175;0;0
576;DCE_A;1;1.251803363;-0.635408951;-0.689155913;2;176;1;1
577;DCE_A;0;0.525867835;-0.046291429;0.083367763;2;177;0;0
578;DCE_A;0;-0.973375551;0.311554986;1.32985336;2;178;1;0
579;DCE_A;0;-1.004652533;-2.360577322;-2.159152884;2;179;1;0
580;DCE_A;0;0.82446276;-0.734274398;-1.110576417;2;180;0;0
581;DCE_A;1;1.426142995;1.004654988;-0.353494449;2;181;1;1
582;DCE_A;0;-0.24675163;0.121734275;-2.014696076;2;182;0;0
583;DCE_A;0;0.743881899;-1.174635429;-1.362221781;2;183;0;0
584;DCE_A;1;0.728438851;-0.511684729;-2.861314043;2;184;0;1
585;DCE_A;0;-0.637898856;-0.554228428;0.077745951;2;185;1;0
586;DCE_A;1;0.753754724;0.366440657;0.44549417;2;186;0;1
587;DCE_A;0;-0.573377114;-0.398737916;0.119754028;2;187;1;0
588;DCE_A;0;-1.374062943;-0.113039677;-0.69675962;2;188;1;0
589;DCE_A;1;-0.161396218;0.061623879;-0.31046729;2;189;0;1
590;DCE_A;0;-1.530242383;-0.490647933;2.203849074;2;190;1;0
591;DCE_A;0;-2.781832965;1.456489966;-1.381544124;2;191;1;0
592;DCE_A;0;0.443201841;-0.706601617;-1.105971556;2;192;0;0
593;DCE_A;1;0.153792451;0.938516836;-1.054401;2;193;1;1
594;DCE_A;0;0.247868571;-1.100445658;0.534725239;2;194;0;0
595;DCE_A;1;-0.558256443;1.885156858;-1.019667382;2;195;0;1
596;DCE_A;0;0.976743871;-0.87077163;0.266614034;2;196;0;0
597;DCE_A;0;-1.796974597;0.858190621;0.757731234;2;197;1;0
598;DCE_A;0;-1.32720147;-0.223685246;0.813789685;2;198;1;0
599;DCE_A;1;0.924206681;1.545387279;1.521446321;2;199;1;1
600;DCE_A;1;-0.253227309;0.727343757;-0.259185913;2;200;1;1
